{"Progress":0,"_timestamp":1.7308979369349163e+09,"Synthetic_LR":0.009999999776482582,"_runtime":4.03237554,"_wandb":{"runtime":4},"_step":0}